{
  "metadata": {
    "configurationVersions": [
      2
    ],
    "clusterVersion": "1.175.0.20190731-173405"
  },
  "id": "7afde609-dbbe-486f-b2c0-0bde4c4da313",
  "dashboardMetadata": {
    "name": "☠ Abandons Analysis",
    "shared": true,
    "owner": "MyEmail",
    "sharingDetails": {
      "linkShared": false,
      "published": true
    },
    "dashboardFilter": {
      "timeframe": "l_2_HOURS",
      "managementZone": null
    }
  },
  "tiles": [
    {
      "name": "DTAQL",
      "tileType": "DTAQL",
      "configured": true,
      "bounds": {
        "top": 38,
        "left": 190,
        "width": 190,
        "height": 266
      },
      "tileFilter": {
        "timeframe": null,
        "managementZone": null
      },
      "customName": "😊",
      "query": "select count(distinct userSessionId) as \"Abandons Count\" FROM usersession where\n\tuseraction.name=\"Step1\" and userExperienceScore=\"SATISFIED\" and useraction.name!=\"LastStep\"",
      "type": "SINGLE_VALUE"
    },
    {
      "name": "DTAQL",
      "tileType": "DTAQL",
      "configured": true,
      "bounds": {
        "top": 38,
        "left": 380,
        "width": 190,
        "height": 266
      },
      "tileFilter": {
        "timeframe": null,
        "managementZone": null
      },
      "customName": "😟",
      "query": "select count(distinct userSessionId) as \"Abandons Count\" FROM usersession where\n\tuseraction.name=\"Step1\" and userExperienceScore=\"TOLERATED\" and useraction.name!=\"LastStep\"",
      "type": "SINGLE_VALUE"
    },
    {
      "name": "DTAQL",
      "tileType": "DTAQL",
      "configured": true,
      "bounds": {
        "top": 38,
        "left": 570,
        "width": 190,
        "height": 266
      },
      "tileFilter": {
        "timeframe": null,
        "managementZone": null
      },
      "customName": "😢",
      "query": "select count(distinct userSessionId) as \"Abandons Count\" FROM usersession where\n\tuseraction.name=\"Step1\" and userExperienceScore=\"FRUSTRATED\" and useraction.name!=\"LastStep\"",
      "type": "SINGLE_VALUE"
    },
    {
      "name": "Markdown",
      "tileType": "MARKDOWN",
      "configured": true,
      "bounds": {
        "top": 0,
        "left": 1520,
        "width": 152,
        "height": 38
      },
      "tileFilter": {
        "timeframe": null,
        "managementZone": null
      },
      "markdown": "## [Return](#dashboard;id=6e481cc8-bea9-46ba-b1f8-23ebcc1da313)"
    },
    {
      "name": "DTAQL",
      "tileType": "DTAQL",
      "configured": true,
      "bounds": {
        "top": 342,
        "left": 0,
        "width": 1596,
        "height": 494
      },
      "tileFilter": {
        "timeframe": null,
        "managementZone": null
      },
      "customName": "☠",
      "query": "select distinct DATETIME(starttime, \"HH:mm\", \"10m\") as \"Time\", count(userSessionId) as \"Abandons Count\" FROM usersession where\n\tuseraction.name=\"Step1\" and useraction.name!=\"LastStep\"",
      "type": "COLUMN_CHART"
    },
    {
      "name": "Abandons Over Time",
      "tileType": "HEADER",
      "configured": true,
      "bounds": {
        "top": 304,
        "left": 0,
        "width": 304,
        "height": 38
      },
      "tileFilter": {
        "timeframe": null,
        "managementZone": null
      }
    },
    {
      "name": "Markdown",
      "tileType": "MARKDOWN",
      "configured": true,
      "bounds": {
        "top": 0,
        "left": 190,
        "width": 152,
        "height": 38
      },
      "tileFilter": {
        "timeframe": null,
        "managementZone": null
      },
      "markdown": "## [Satisfied](https://MyTenant/ui/user-sessions/query?sessionquery=select%20userId%20as%20%22User%22%20FROM%20usersession%20where%0A%09useraction.name%3D%22Step1%22%20and%20userExperienceScore%3D%22SATISFIED%22%20and%20useraction.name!%3D%22LastStep%22%20&visualization=TABLE)"
    },
    {
      "name": "Markdown",
      "tileType": "MARKDOWN",
      "configured": true,
      "bounds": {
        "top": 0,
        "left": 380,
        "width": 152,
        "height": 38
      },
      "tileFilter": {
        "timeframe": null,
        "managementZone": null
      },
      "markdown": "## [Tolerated](https://MyTenant/ui/user-sessions/query?sessionquery=select%20userId%20as%20%22User%22%20FROM%20usersession%20where%0A%09useraction.name%3D%22Step1%22%20and%20userExperienceScore%3D%22TOLERATED%22%20and%20useraction.name!%3D%22LastStep%22%20&visualization=TABLE)"
    },
    {
      "name": "Markdown",
      "tileType": "MARKDOWN",
      "configured": true,
      "bounds": {
        "top": 0,
        "left": 570,
        "width": 152,
        "height": 38
      },
      "tileFilter": {
        "timeframe": null,
        "managementZone": null
      },
      "markdown": "## [Frustrated](https://MyTenant/ui/user-sessions/query?sessionquery=select%20userId%20as%20%22User%22%20FROM%20usersession%20where%0A%09useraction.name%3D%22Step1%22%20and%20userExperienceScore%3D%22FRUSTRATED%22%20and%20useraction.name!%3D%22LastStep%22%20&visualization=TABLE)"
    },
    {
      "name": "Abandons by Apdex",
      "tileType": "HEADER",
      "configured": true,
      "bounds": {
        "top": 0,
        "left": 836,
        "width": 304,
        "height": 38
      },
      "tileFilter": {
        "timeframe": null,
        "managementZone": null
      }
    },
    {
      "name": "Abandons by Country",
      "tileType": "HEADER",
      "configured": true,
      "bounds": {
        "top": 0,
        "left": 1216,
        "width": 304,
        "height": 38
      },
      "tileFilter": {
        "timeframe": null,
        "managementZone": null
      }
    },
    {
      "name": "User Sessions Query",
      "tileType": "DTAQL",
      "configured": true,
      "bounds": {
        "top": 38,
        "left": 836,
        "width": 380,
        "height": 266
      },
      "tileFilter": {
        "timeframe": null,
        "managementZone": null
      },
      "customName": "☠",
      "query": "SELECT userExperienceScore, count(userSessionId) FROM usersession WHERE useraction.name=\"Step1\" and useraction.name!=\"LastStep\" group by userExperienceScore order by count(userSessionId) desc",
      "type": "PIE_CHART"
    },
    {
      "name": "User Sessions Query",
      "tileType": "DTAQL",
      "configured": true,
      "bounds": {
        "top": 38,
        "left": 1216,
        "width": 380,
        "height": 266
      },
      "tileFilter": {
        "timeframe": null,
        "managementZone": null
      },
      "customName": "☠",
      "query": "SELECT country, count(userSessionId) FROM usersession WHERE useraction.name=\"Step1\" and useraction.name!=\"LastStep\" group by country order by count(userSessionId) desc",
      "type": "PIE_CHART"
    },
    {
      "name": "Markdown",
      "tileType": "MARKDOWN",
      "configured": true,
      "bounds": {
        "top": 0,
        "left": 0,
        "width": 190,
        "height": 38
      },
      "tileFilter": {
        "timeframe": null,
        "managementZone": null
      },
      "markdown": "## [Abandons](https://MyTenant/ui/user-sessions/query?sessionquery=select%20userId%20as%20%22User%22%20FROM%20usersession%20where%0A%09useraction.name%3D%22Step1%22%20and%20useraction.name!%3D%22LastStep%22%20&visualization=TABLE)"
    },
    {
      "name": "User Sessions Query",
      "tileType": "DTAQL",
      "configured": true,
      "bounds": {
        "top": 38,
        "left": 0,
        "width": 190,
        "height": 266
      },
      "tileFilter": {
        "timeframe": null,
        "managementZone": null
      },
      "customName": "☠",
      "query": "select count(distinct userSessionId) as \"Abandons Count\" FROM usersession where\n\tuseraction.name=\"Step1\" and useraction.name!=\"LastStep\"",
      "type": "SINGLE_VALUE"
    }
  ]
}