﻿{
  "metadata": {
    "configurationVersions": [
      2
    ],
    "clusterVersion": "1.175.0.20190729-125021"
  },
  "id": "65312f05-ca6c-4896-b2b4-1bc8ce3da313",
  "dashboardMetadata": {
    "name": "🛒 MyFunnel",
    "shared": true,
    "owner": "MyEmail",
    "sharingDetails": {
      "linkShared": true,
      "published": true
    },
    "dashboardFilter": {
      "timeframe": "l_72_HOURS",
      "managementZone": null
    }
  },
  "tiles": [
    {
      "name": "User Sessions Query",
      "tileType": "DTAQL",
      "configured": true,
      "bounds": {
        "top": 76,
        "left": 494,
        "width": 228,
        "height": 152
      },
      "tileFilter": {
        "timeframe": null,
        "managementZone": null
      },
      "customName": "Step1",
      "query": "select count(userid) as \"Sessions\" from usersession where useraction.name=\"Step1\"",
      "type": "SINGLE_VALUE"
    },
    {
      "name": "DTAQL",
      "tileType": "DTAQL",
      "configured": true,
      "bounds": {
        "top": 228,
        "left": 494,
        "width": 228,
        "height": 152
      },
      "tileFilter": {
        "timeframe": null,
        "managementZone": null
      },
      "customName": "Step1",
      "query": "select count(userid) as \"Abandons\" from usersession where useraction.name=\"Step1\" and useraction.name!=\"Step2\"",
      "type": "SINGLE_VALUE"
    },
    {
      "name": "Markdown",
      "tileType": "MARKDOWN",
      "configured": true,
      "bounds": {
        "top": 38,
        "left": 494,
        "width": 228,
        "height": 38
      },
      "tileFilter": {
        "timeframe": null,
        "managementZone": null
      },
      "markdown": "## [Step1](#dashboard;id=1fc1af04-a855-43cb-855c-c32f4ecda313)"
    },
    {
      "name": "Markdown",
      "tileType": "MARKDOWN",
      "configured": true,
      "bounds": {
        "top": 38,
        "left": 950,
        "width": 228,
        "height": 38
      },
      "tileFilter": {
        "timeframe": null,
        "managementZone": null
      },
      "markdown": "## [Step3](#dashboard;id=0d81ee7c-f7ba-4626-a087-60b76ecda313)"
    },
    {
      "name": "Sessions",
      "tileType": "HEADER",
      "configured": true,
      "bounds": {
        "top": 114,
        "left": 342,
        "width": 152,
        "height": 38
      },
      "tileFilter": {
        "timeframe": null,
        "managementZone": null
      }
    },
    {
      "name": "Abandons",
      "tileType": "HEADER",
      "configured": true,
      "bounds": {
        "top": 266,
        "left": 342,
        "width": 152,
        "height": 38
      },
      "tileFilter": {
        "timeframe": null,
        "managementZone": null
      }
    },
    {
      "name": "Duration",
      "tileType": "HEADER",
      "configured": true,
      "bounds": {
        "top": 418,
        "left": 342,
        "width": 152,
        "height": 38
      },
      "tileFilter": {
        "timeframe": null,
        "managementZone": null
      }
    },
    {
      "name": "Errors",
      "tileType": "HEADER",
      "configured": true,
      "bounds": {
        "top": 570,
        "left": 342,
        "width": 152,
        "height": 38
      },
      "tileFilter": {
        "timeframe": null,
        "managementZone": null
      }
    },
    {
      "name": "DTAQL",
      "tileType": "DTAQL",
      "configured": true,
      "bounds": {
        "top": 532,
        "left": 494,
        "width": 228,
        "height": 152
      },
      "tileFilter": {
        "timeframe": null,
        "managementZone": null
      },
      "customName": "Step1",
      "query": "select sum(errorCount) as \"Errors\" from useraction where name=\"Step1\"",
      "type": "SINGLE_VALUE"
    },
    {
      "name": "DTAQL",
      "tileType": "DTAQL",
      "configured": true,
      "bounds": {
        "top": 380,
        "left": 494,
        "width": 228,
        "height": 152
      },
      "tileFilter": {
        "timeframe": null,
        "managementZone": null
      },
      "customName": "Step1",
      "query": "select AVG(duration) as \"Duration\" from useraction where name=\"Step1\"",
      "type": "SINGLE_VALUE"
    },
    {
      "name": "Markdown",
      "tileType": "MARKDOWN",
      "configured": true,
      "bounds": {
        "top": 0,
        "left": 1520,
        "width": 152,
        "height": 38
      },
      "tileFilter": {
        "timeframe": null,
        "managementZone": null
      },
      "markdown": "## [Return](#dashboard;id=6e481cc8-bea9-46ba-b1f8-23ebcc1da313)"
    },
    {
      "name": "User Sessions Query",
      "tileType": "DTAQL",
      "configured": true,
      "bounds": {
        "top": 76,
        "left": 722,
        "width": 228,
        "height": 152
      },
      "tileFilter": {
        "timeframe": null,
        "managementZone": null
      },
      "customName": "Step2",
      "query": "select count(userid) as \"Sessions\" from usersession where useraction.name=\"Step1\" and useraction.name=\"Step2\"",
      "type": "SINGLE_VALUE"
    },
    {
      "name": "User Sessions Query",
      "tileType": "DTAQL",
      "configured": true,
      "bounds": {
        "top": 76,
        "left": 950,
        "width": 228,
        "height": 152
      },
      "tileFilter": {
        "timeframe": null,
        "managementZone": null
      },
      "customName": "Step3",
      "query": "select count(userid) as \"Sessions\" from usersession where useraction.name=\"Step1\" and useraction.name=\"Step2\" and useraction.name=\"Step3\"",
      "type": "SINGLE_VALUE"
    },
    {
      "name": "DTAQL",
      "tileType": "DTAQL",
      "configured": true,
      "bounds": {
        "top": 228,
        "left": 722,
        "width": 228,
        "height": 152
      },
      "tileFilter": {
        "timeframe": null,
        "managementZone": null
      },
      "customName": "Step2",
      "query": "select count(userid) as \"Abandons\" from usersession where useraction.name=\"Step1\" and useraction.name=\"Step2\" and useraction.name!=\"Step3\"",
      "type": "SINGLE_VALUE"
    },
    {
      "name": "DTAQL",
      "tileType": "DTAQL",
      "configured": true,
      "bounds": {
        "top": 228,
        "left": 950,
        "width": 228,
        "height": 152
      },
      "tileFilter": {
        "timeframe": null,
        "managementZone": null
      },
      "customName": "Step3",
      "query": "select count(userid) as \"Abandons\" from usersession where useraction.name=\"Step1\" and useraction.name=\"Step2\" and useraction.name=\"Step3\" and useraction.name!=\"Step4\"",
      "type": "SINGLE_VALUE"
    },
    {
      "name": "DTAQL",
      "tileType": "DTAQL",
      "configured": true,
      "bounds": {
        "top": 380,
        "left": 722,
        "width": 228,
        "height": 152
      },
      "tileFilter": {
        "timeframe": null,
        "managementZone": null
      },
      "customName": "Step2",
      "query": "select AVG(duration) as \"Duration\" from useraction where name=\"Step2\" ",
      "type": "SINGLE_VALUE"
    },
    {
      "name": "DTAQL",
      "tileType": "DTAQL",
      "configured": true,
      "bounds": {
        "top": 380,
        "left": 950,
        "width": 228,
        "height": 152
      },
      "tileFilter": {
        "timeframe": null,
        "managementZone": null
      },
      "customName": "Step3",
      "query": "select AVG(duration) as \"Duration\" from useraction where name=\"Step3\"",
      "type": "SINGLE_VALUE"
    },
    {
      "name": "DTAQL",
      "tileType": "DTAQL",
      "configured": true,
      "bounds": {
        "top": 532,
        "left": 722,
        "width": 228,
        "height": 152
      },
      "tileFilter": {
        "timeframe": null,
        "managementZone": null
      },
      "customName": "Step2",
      "query": "select sum(errorCount) as \"Errors\" from useraction where name=\"Step2\"",
      "type": "SINGLE_VALUE"
    },
    {
      "name": "DTAQL",
      "tileType": "DTAQL",
      "configured": true,
      "bounds": {
        "top": 532,
        "left": 950,
        "width": 228,
        "height": 152
      },
      "tileFilter": {
        "timeframe": null,
        "managementZone": null
      },
      "customName": "Step3",
      "query": "select sum(errorCount) as \"Errors\" from useraction where name=\"Step3\"",
      "type": "SINGLE_VALUE"
    },
    {
      "name": "Markdown",
      "tileType": "MARKDOWN",
      "configured": true,
      "bounds": {
        "top": 38,
        "left": 722,
        "width": 228,
        "height": 38
      },
      "tileFilter": {
        "timeframe": null,
        "managementZone": null
      },
      "markdown": "## [Step2](#dashboard;id=2662ddb8-dd6a-4345-a1bc-7ff069eda313)"
    }
  ]
}