﻿{
  "metadata": {
    "configurationVersions": [
      2
    ],
    "clusterVersion": "1.175.0.20190731-173405"
  },
  "id": "6e481cc8-bea9-46ba-b1f8-23ebcc1da313",
  "dashboardMetadata": {
    "name": "🚀 MyOverview",
    "shared": true,
    "owner": "MyEmail",
    "sharingDetails": {
      "linkShared": false,
      "published": true
    },
    "dashboardFilter": {
      "timeframe": "l_2_HOURS",
      "managementZone": null
    }
  },
  "tiles": [
    {
      "name": "Markdown",
      "tileType": "MARKDOWN",
      "configured": true,
      "bounds": {
        "top": 0,
        "left": 1368,
        "width": 266,
        "height": 38
      },
      "tileFilter": {
        "timeframe": null,
        "managementZone": null
      },
      "markdown": "## 🛒 [MyFunnel](#dashboard;id=65312f05-ca6c-4896-b2b4-1bc8ce3da313)"
    },
    {
      "name": "Markdown",
      "tileType": "MARKDOWN",
      "configured": true,
      "bounds": {
        "top": 760,
        "left": 0,
        "width": 190,
        "height": 38
      },
      "tileFilter": {
        "timeframe": null,
        "managementZone": null
      },
      "markdown": "## 🔎 [All PurePaths](#servicecalls;timeframe=last2h)"
    },
    {
      "name": "Markdown",
      "tileType": "MARKDOWN",
      "configured": true,
      "bounds": {
        "top": 760,
        "left": 266,
        "width": 228,
        "height": 38
      },
      "tileFilter": {
        "timeframe": null,
        "managementZone": null
      },
      "markdown": "## 🔎 [Slow PurePaths](#servicecalls;timeframe=last2h;servicefilter=0%1E0%113000000%144611686018427387)"
    },
    {
      "name": "User Sessions Query",
      "tileType": "DTAQL",
      "configured": true,
      "bounds": {
        "top": 190,
        "left": 798,
        "width": 266,
        "height": 190
      },
      "tileFilter": {
        "timeframe": null,
        "managementZone": null
      },
      "customName": "Rage Clicks",
      "query": "select sum(numberOfRageClicks) as \"Rage Clicks\" FROM usersession ",
      "type": "SINGLE_VALUE"
    },
    {
      "name": "Markdown",
      "tileType": "MARKDOWN",
      "configured": true,
      "bounds": {
        "top": 76,
        "left": 1368,
        "width": 266,
        "height": 38
      },
      "tileFilter": {
        "timeframe": null,
        "managementZone": null
      },
      "markdown": "## 🏁 [Conversion Analysis](#dashboard;id=ba9ecfe5-e7ec-451d-a187-060a724da313)"
    },
    {
      "name": "Markdown",
      "tileType": "MARKDOWN",
      "configured": true,
      "bounds": {
        "top": 152,
        "left": 1368,
        "width": 228,
        "height": 38
      },
      "tileFilter": {
        "timeframe": null,
        "managementZone": null
      },
      "markdown": "## ☠ [Abandon Analysis](#dashboard;id=7afde609-dbbe-486f-b2c0-0bde4c4da313)"
    },
    {
      "name": "Markdown",
      "tileType": "MARKDOWN",
      "configured": true,
      "bounds": {
        "top": 380,
        "left": 1368,
        "width": 228,
        "height": 38
      },
      "tileFilter": {
        "timeframe": null,
        "managementZone": null
      },
      "markdown": "## 😡 [Rage Analysis](#dashboard;id=7eb2b38c-bae4-46c5-8955-c3eabb9da313)"
    },
    {
      "name": "User Sessions Query",
      "tileType": "DTAQL",
      "configured": true,
      "bounds": {
        "top": 380,
        "left": 0,
        "width": 266,
        "height": 190
      },
      "tileFilter": {
        "timeframe": null,
        "managementZone": null
      },
      "customName": "Satisfied Users",
      "query": "select count(userid) as \"Sessions\" from usersession where userExperienceScore=\"SATISFIED\"",
      "type": "SINGLE_VALUE"
    },
    {
      "name": "DTAQL",
      "tileType": "DTAQL",
      "configured": true,
      "bounds": {
        "top": 380,
        "left": 266,
        "width": 266,
        "height": 190
      },
      "tileFilter": {
        "timeframe": null,
        "managementZone": null
      },
      "customName": "Tolerated Users",
      "query": "select count(userid) as \"Sessions\" from usersession where userExperienceScore=\"TOLERATED\"",
      "type": "SINGLE_VALUE"
    },
    {
      "name": "DTAQL",
      "tileType": "DTAQL",
      "configured": true,
      "bounds": {
        "top": 380,
        "left": 532,
        "width": 266,
        "height": 190
      },
      "tileFilter": {
        "timeframe": null,
        "managementZone": null
      },
      "customName": "Frustrated Users",
      "query": "select count(userid) as \"Sessions\" from usersession where userExperienceScore=\"FRUSTRATED\"",
      "type": "SINGLE_VALUE"
    },
    {
      "name": "User Sessions Query",
      "tileType": "DTAQL",
      "configured": true,
      "bounds": {
        "top": 570,
        "left": 798,
        "width": 266,
        "height": 190
      },
      "tileFilter": {
        "timeframe": null,
        "managementZone": null
      },
      "customName": "Session",
      "query": "select count(userid) as \"Sessions\" from usersession",
      "type": "SINGLE_VALUE"
    },
    {
      "name": "DTAQL",
      "tileType": "DTAQL",
      "configured": true,
      "bounds": {
        "top": 0,
        "left": 0,
        "width": 266,
        "height": 190
      },
      "tileFilter": {
        "timeframe": null,
        "managementZone": null
      },
      "customName": "Satisfied Users",
      "query": "select count(userid) as \"Conversions\" from usersession where useraction.name in (\"LastStep\") and userExperienceScore=\"SATISFIED\"",
      "type": "SINGLE_VALUE"
    },
    {
      "name": "DTAQL",
      "tileType": "DTAQL",
      "configured": true,
      "bounds": {
        "top": 0,
        "left": 266,
        "width": 266,
        "height": 190
      },
      "tileFilter": {
        "timeframe": null,
        "managementZone": null
      },
      "customName": "Tolerated Users",
      "query": "select count(userid) as \"Conversions\" from usersession where useraction.name in (\"LastStep\") and userExperienceScore=\"TOLERATED\"",
      "type": "SINGLE_VALUE"
    },
    {
      "name": "DTAQL",
      "tileType": "DTAQL",
      "configured": true,
      "bounds": {
        "top": 0,
        "left": 532,
        "width": 266,
        "height": 190
      },
      "tileFilter": {
        "timeframe": null,
        "managementZone": null
      },
      "customName": "Frustrated Users",
      "query": "select count(userid) as \"Conversions\" from usersession where useraction.name in (\"LastStep\") and userExperienceScore=\"FRUSTRATED\"",
      "type": "SINGLE_VALUE"
    },
    {
      "name": "DTAQL",
      "tileType": "DTAQL",
      "configured": true,
      "bounds": {
        "top": 0,
        "left": 798,
        "width": 266,
        "height": 190
      },
      "tileFilter": {
        "timeframe": null,
        "managementZone": null
      },
      "customName": "Conversions",
      "query": "select count(userid) as \"Conversions\" from usersession where useraction.name=\"LastStep\"",
      "type": "SINGLE_VALUE"
    },
    {
      "name": "User Sessions Query",
      "tileType": "DTAQL",
      "configured": true,
      "bounds": {
        "top": 190,
        "left": 1064,
        "width": 266,
        "height": 190
      },
      "tileFilter": {
        "timeframe": null,
        "managementZone": null
      },
      "customName": "Nonengaged Sessions",
      "query": "select count(userid) as \"Nonengaged Sessions\" from usersession WHERE duration > 180000 and userActionCount < 10",
      "type": "SINGLE_VALUE"
    },
    {
      "name": "DTAQL",
      "tileType": "DTAQL",
      "configured": true,
      "bounds": {
        "top": 0,
        "left": 1064,
        "width": 266,
        "height": 190
      },
      "tileFilter": {
        "timeframe": null,
        "managementZone": null
      },
      "customName": "Abandons",
      "query": "select count(userid) as \"Abandons\" from usersession where useraction.name=\"Step1\" and useraction.name!=\"LastStep\"",
      "type": "SINGLE_VALUE"
    },
    {
      "name": "DTAQL",
      "tileType": "DTAQL",
      "configured": true,
      "bounds": {
        "top": 190,
        "left": 0,
        "width": 266,
        "height": 190
      },
      "tileFilter": {
        "timeframe": null,
        "managementZone": null
      },
      "customName": "Satisfied Users",
      "query": "select count(userid) as \"Abandons\" from usersession where useraction.name =\"Step1\" and useraction.name !=\"LastStep\" and userExperienceScore=\"SATISFIED\"",
      "type": "SINGLE_VALUE"
    },
    {
      "name": "DTAQL",
      "tileType": "DTAQL",
      "configured": true,
      "bounds": {
        "top": 190,
        "left": 266,
        "width": 266,
        "height": 190
      },
      "tileFilter": {
        "timeframe": null,
        "managementZone": null
      },
      "customName": "Tolerated Users",
      "query": "select count(userid) as \"Abandons\" from usersession where useraction.name =\"Step1\" and useraction.name !=\"LastStep\" and userExperienceScore=\"TOLERATED\"",
      "type": "SINGLE_VALUE"
    },
    {
      "name": "DTAQL",
      "tileType": "DTAQL",
      "configured": true,
      "bounds": {
        "top": 190,
        "left": 532,
        "width": 266,
        "height": 190
      },
      "tileFilter": {
        "timeframe": null,
        "managementZone": null
      },
      "customName": "Frustrated Users",
      "query": "select count(userid) as \"Abandons\" from usersession where useraction.name =\"Step1\" and useraction.name !=\"LastStep\" and userExperienceScore=\"FRUSTRATED\"",
      "type": "SINGLE_VALUE"
    },
    {
      "name": "User Sessions Query",
      "tileType": "DTAQL",
      "configured": true,
      "bounds": {
        "top": 380,
        "left": 798,
        "width": 266,
        "height": 190
      },
      "tileFilter": {
        "timeframe": null,
        "managementZone": null
      },
      "customName": "Duration",
      "query": "select AVG(duration) as \"Duration\" from useraction ",
      "type": "SINGLE_VALUE"
    },
    {
      "name": "User Sessions Query",
      "tileType": "DTAQL",
      "configured": true,
      "bounds": {
        "top": 380,
        "left": 1064,
        "width": 266,
        "height": 190
      },
      "tileFilter": {
        "timeframe": null,
        "managementZone": null
      },
      "customName": "Errors",
      "query": "select sum(errorCount) as \"Errors\" from useraction ",
      "type": "SINGLE_VALUE"
    },
    {
      "name": "DTAQL",
      "tileType": "DTAQL",
      "configured": true,
      "bounds": {
        "top": 570,
        "left": 1064,
        "width": 266,
        "height": 190
      },
      "tileFilter": {
        "timeframe": null,
        "managementZone": null
      },
      "customName": "Bounces",
      "query": "select count(userid) as \"Bounces\" from usersession where bounce=true",
      "type": "SINGLE_VALUE"
    },
    {
      "name": "Markdown",
      "tileType": "MARKDOWN",
      "configured": true,
      "bounds": {
        "top": 228,
        "left": 1368,
        "width": 228,
        "height": 38
      },
      "tileFilter": {
        "timeframe": null,
        "managementZone": null
      },
      "markdown": "## ⏱ [Duration Analysis](#dashboard;id=c16cb11a-22be-41ab-a336-412369ada313)"
    },
    {
      "name": "Markdown",
      "tileType": "MARKDOWN",
      "configured": true,
      "bounds": {
        "top": 304,
        "left": 1368,
        "width": 228,
        "height": 38
      },
      "tileFilter": {
        "timeframe": null,
        "managementZone": null
      },
      "markdown": "## 🙈 [Error Analysis](#dashboard;id=8a487b1b-c491-41f7-adf2-7460165da313)"
    },
    {
      "name": "Markdown",
      "tileType": "MARKDOWN",
      "configured": true,
      "bounds": {
        "top": 456,
        "left": 1368,
        "width": 266,
        "height": 38
      },
      "tileFilter": {
        "timeframe": null,
        "managementZone": null
      },
      "markdown": "## 😴 [Nonengaged Analysis](#dashboard;id=7f063e1f-e142-44f1-81a0-523f7e5da313)"
    },
    {
      "name": "Markdown",
      "tileType": "MARKDOWN",
      "configured": true,
      "bounds": {
        "top": 760,
        "left": 532,
        "width": 228,
        "height": 38
      },
      "tileFilter": {
        "timeframe": null,
        "managementZone": null
      },
      "markdown": "## 🔎 [Diagnostics](#diagnostictools)"
    },
    {
      "name": "Markdown",
      "tileType": "MARKDOWN",
      "configured": true,
      "bounds": {
        "top": 760,
        "left": 1064,
        "width": 228,
        "height": 38
      },
      "tileFilter": {
        "timeframe": null,
        "managementZone": null
      },
      "markdown": "## 🕵️‍♀️ [User Sessions](#usersearchoverview)"
    },
    {
      "name": "Markdown",
      "tileType": "MARKDOWN",
      "configured": true,
      "bounds": {
        "top": 760,
        "left": 798,
        "width": 228,
        "height": 38
      },
      "tileFilter": {
        "timeframe": null,
        "managementZone": null
      },
      "markdown": "## 🔎 [Services](#newservices)"
    },
    {
      "name": "Markdown",
      "tileType": "MARKDOWN",
      "configured": true,
      "bounds": {
        "top": 684,
        "left": 1368,
        "width": 228,
        "height": 38
      },
      "tileFilter": {
        "timeframe": null,
        "managementZone": null
      },
      "markdown": "## 📂 [Logs](#logmonitoring)"
    },
    {
      "name": "Markdown",
      "tileType": "MARKDOWN",
      "configured": true,
      "bounds": {
        "top": 608,
        "left": 1368,
        "width": 228,
        "height": 38
      },
      "tileFilter": {
        "timeframe": null,
        "managementZone": null
      },
      "markdown": "## 🖥 [Databases](#newdatabases)"
    },
    {
      "name": "Markdown",
      "tileType": "MARKDOWN",
      "configured": true,
      "bounds": {
        "top": 532,
        "left": 1368,
        "width": 228,
        "height": 38
      },
      "tileFilter": {
        "timeframe": null,
        "managementZone": null
      },
      "markdown": "## 🖥 [Hosts](#newhosts)"
    },
    {
      "name": "Markdown",
      "tileType": "MARKDOWN",
      "configured": true,
      "bounds": {
        "top": 760,
        "left": 1368,
        "width": 228,
        "height": 38
      },
      "tileFilter": {
        "timeframe": null,
        "managementZone": null
      },
      "markdown": "## 🌎 [Smartscape](#smartscape)"
    },
    {
      "name": "User Sessions Query",
      "tileType": "DTAQL",
      "configured": true,
      "bounds": {
        "top": 570,
        "left": 0,
        "width": 266,
        "height": 190
      },
      "tileFilter": {
        "timeframe": null,
        "managementZone": null
      },
      "customName": "New Users",
      "query": "select count(userid) as \"New Users\" from usersession where newUser IS true and useraction.name =\"Step1\"",
      "type": "SINGLE_VALUE"
    },
    {
      "name": "User Sessions Query",
      "tileType": "DTAQL",
      "configured": true,
      "bounds": {
        "top": 570,
        "left": 266,
        "width": 266,
        "height": 190
      },
      "tileFilter": {
        "timeframe": null,
        "managementZone": null
      },
      "customName": "Returning Users",
      "query": "select count(userid) as \"Returning Users\" from usersession where newUser IS false and useraction.name =\"Step1\"",
      "type": "SINGLE_VALUE"
    },
    {
      "name": "User Sessions Query",
      "tileType": "DTAQL",
      "configured": true,
      "bounds": {
        "top": 570,
        "left": 532,
        "width": 266,
        "height": 190
      },
      "tileFilter": {
        "timeframe": null,
        "managementZone": null
      },
      "customName": "Promotional Users",
      "query": "select count(userid) as \"Promotional Users\" from usersession where useraction.name=\"PromStep\"",
      "type": "SINGLE_VALUE"
    }
  ]
}