{
  "metadata": {
    "configurationVersions": [
      2
    ],
    "clusterVersion": "1.175.0.20190731-173405"
  },
  "id": "7eb2b38c-bae4-46c5-8955-c3eabb9da313",
  "dashboardMetadata": {
    "name": "😡 Rage Analysis",
    "shared": true,
    "owner": "MyEmail",
    "sharingDetails": {
      "linkShared": true,
      "published": true
    },
    "dashboardFilter": {
      "timeframe": "l_2_HOURS",
      "managementZone": null
    }
  },
  "tiles": [
    {
      "name": "User Sessions Query",
      "tileType": "DTAQL",
      "configured": true,
      "bounds": {
        "top": 38,
        "left": 532,
        "width": 266,
        "height": 190
      },
      "tileFilter": {
        "timeframe": null,
        "managementZone": null
      },
      "customName": "😢",
      "query": "select count(distinct userSessionId) as \"Conversions\"  FROM usersession where\n\tnumberOfRageClicks> 10 and useraction.name=\"LastStep\"\n",
      "type": "SINGLE_VALUE"
    },
    {
      "name": "DTAQL",
      "tileType": "DTAQL",
      "configured": true,
      "bounds": {
        "top": 38,
        "left": 266,
        "width": 266,
        "height": 190
      },
      "tileFilter": {
        "timeframe": null,
        "managementZone": null
      },
      "customName": "🙁",
      "query": "select count(distinct userSessionId) as \"Conversions\"  FROM usersession where\n\tnumberOfRageClicks BETWEEN 1 and 10 and useraction.name=\"LastStep\"",
      "type": "SINGLE_VALUE"
    },
    {
      "name": "DTAQL",
      "tileType": "DTAQL",
      "configured": true,
      "bounds": {
        "top": 38,
        "left": 0,
        "width": 266,
        "height": 190
      },
      "tileFilter": {
        "timeframe": null,
        "managementZone": null
      },
      "customName": "😃",
      "query": "select count(distinct userSessionId) as \"Conversions\"  FROM usersession where\n\tnumberOfRageClicks=0 and useraction.name=\"LastStep\"",
      "type": "SINGLE_VALUE"
    },
    {
      "name": "Markdown",
      "tileType": "MARKDOWN",
      "configured": true,
      "bounds": {
        "top": 0,
        "left": 1558,
        "width": 114,
        "height": 38
      },
      "tileFilter": {
        "timeframe": null,
        "managementZone": null
      },
      "markdown": "## [Return](#dashboard;id=6e481cc8-bea9-46ba-b1f8-23ebcc1da313)"
    },
    {
      "name": "Markdown",
      "tileType": "MARKDOWN",
      "configured": true,
      "bounds": {
        "top": 0,
        "left": 0,
        "width": 266,
        "height": 38
      },
      "tileFilter": {
        "timeframe": null,
        "managementZone": null
      },
      "markdown": "## [No Rages (0)](https://MyTenant/ui/user-sessions/query?sessionquery=select%20userid%20as%20%22Users%22%20%20FROM%20usersession%20where%0A%09numberOfRageClicks%3D0%20and%20useraction.name%3D%22Step1%22%20and%20useraction.name%3D%22LastStep%22%20&visualization=TABLE)"
    },
    {
      "name": "Markdown",
      "tileType": "MARKDOWN",
      "configured": true,
      "bounds": {
        "top": 0,
        "left": 266,
        "width": 266,
        "height": 38
      },
      "tileFilter": {
        "timeframe": null,
        "managementZone": null
      },
      "markdown": "## [Low Rages (1-10)](https://MyTenant/ui/user-sessions/query?sessionquery=select%20userid%20as%20%22User%22,%20numberOfRageClicks%20as%20%22Rages%22%20%20FROM%20usersession%20where%0A%09numberOfRageClicks%20BETWEEN%201%20and%2010%20and%20useraction.name%3D%22Step1%22%20and%20useraction.name%3D%22LastStep%22%20&visualization=TABLE)"
    },
    {
      "name": "Markdown",
      "tileType": "MARKDOWN",
      "configured": true,
      "bounds": {
        "top": 0,
        "left": 532,
        "width": 190,
        "height": 38
      },
      "tileFilter": {
        "timeframe": null,
        "managementZone": null
      },
      "markdown": "## [High Rages (3+)](https://MyTenant/ui/user-sessions/query?sessionquery=select%20userid%20as%20%22User%22,%20numberOfRageClicks%20as%20%22Rages%22%20%20FROM%20usersession%20where%0A%09numberOfRageClicks%20%3E%2010%20and%20useraction.name%3D%22Step1%22%20and%20useraction.name%3D%22LastStep%22%20&visualization=TABLE)"
    },
    {
      "name": "DTAQL",
      "tileType": "DTAQL",
      "configured": true,
      "bounds": {
        "top": 38,
        "left": 836,
        "width": 266,
        "height": 190
      },
      "tileFilter": {
        "timeframe": null,
        "managementZone": null
      },
      "customName": "😃",
      "query": "select count(distinct userSessionId) as \"Abandons\"  FROM usersession where\n\tnumberOfRageClicks=0 and useraction.name=\"Step1\" and useraction.name!=\"LastStep\" ",
      "type": "SINGLE_VALUE"
    },
    {
      "name": "DTAQL",
      "tileType": "DTAQL",
      "configured": true,
      "bounds": {
        "top": 38,
        "left": 1102,
        "width": 266,
        "height": 190
      },
      "tileFilter": {
        "timeframe": null,
        "managementZone": null
      },
      "customName": "🙁",
      "query": "select count(distinct userSessionId) as \"Abandons\"  FROM usersession where\n\tnumberOfRageClicks BETWEEN 1 and 10 and useraction.name=\"Step1\" and useraction.name!=\"LastStep\"",
      "type": "SINGLE_VALUE"
    },
    {
      "name": "User Sessions Query",
      "tileType": "DTAQL",
      "configured": true,
      "bounds": {
        "top": 38,
        "left": 1368,
        "width": 266,
        "height": 190
      },
      "tileFilter": {
        "timeframe": null,
        "managementZone": null
      },
      "customName": "😢",
      "query": "select count(distinct userSessionId) as \"Abandons\"  FROM usersession where\n\tnumberOfRageClicks> 10 and useraction.name=\"Step1\" and useraction.name!=\"LastStep\"",
      "type": "SINGLE_VALUE"
    },
    {
      "name": "Markdown",
      "tileType": "MARKDOWN",
      "configured": true,
      "bounds": {
        "top": 0,
        "left": 836,
        "width": 266,
        "height": 38
      },
      "tileFilter": {
        "timeframe": null,
        "managementZone": null
      },
      "markdown": "## [No Rages (0)](https://MyTenant/ui/user-sessions/query?sessionquery=select%20userid%20as%20%22Users%22%20%20FROM%20usersession%20where%0A%09numberOfRageClicks%3D0%20and%20useraction.name%3D%22Step1%22%20and%20useraction.name!%3D%22LastStep%22%20&visualization=TABLE)"
    },
    {
      "name": "Markdown",
      "tileType": "MARKDOWN",
      "configured": true,
      "bounds": {
        "top": 0,
        "left": 1102,
        "width": 266,
        "height": 38
      },
      "tileFilter": {
        "timeframe": null,
        "managementZone": null
      },
      "markdown": "## [Low Rages (1-10)](https://MyTenant/ui/user-sessions/query?sessionquery=select%20userid%20as%20%22User%22,%20numberOfRageClicks%20as%20%22Rages%22%20%20FROM%20usersession%20where%0A%09numberOfRageClicks%20BETWEEN%201%20and%2010%20and%20useraction.name%3D%22Step1%22%20and%20useraction.name!%3D%22LastStep%22%20&visualization=TABLE)"
    },
    {
      "name": "Markdown",
      "tileType": "MARKDOWN",
      "configured": true,
      "bounds": {
        "top": 0,
        "left": 1368,
        "width": 190,
        "height": 38
      },
      "tileFilter": {
        "timeframe": null,
        "managementZone": null
      },
      "markdown": "## [High Rages (3+)](https://MyTenant/ui/user-sessions/query?sessionquery=select%20userid%20as%20%22User%22,%20numberOfRageClicks%20as%20%22Rages%22%20%20FROM%20usersession%20where%0A%09numberOfRageClicks%20%3E%2010%20and%20useraction.name%3D%22Step1%22%20and%20useraction.name!%3D%22LastStep%22%20&visualization=TABLE)"
    },
    {
      "name": "User Sessions Query",
      "tileType": "DTAQL",
      "configured": true,
      "bounds": {
        "top": 304,
        "left": 0,
        "width": 1634,
        "height": 532
      },
      "tileFilter": {
        "timeframe": null,
        "managementZone": null
      },
      "customName": "😡",
      "query": "select DISTINCT DATETIME(starttime, \"HH:mm\", \"10m\") as \"Time\", sum(numberOfRageClicks) as \"Rages\" FROM usersession where numberOfRageClicks>0",
      "type": "COLUMN_CHART"
    },
    {
      "name": "Rages Over Time",
      "tileType": "HEADER",
      "configured": true,
      "bounds": {
        "top": 266,
        "left": 0,
        "width": 304,
        "height": 38
      },
      "tileFilter": {
        "timeframe": null,
        "managementZone": null
      }
    }
  ]
}